Question,Answer
1. What is a correlation matrix and what does it describe?,A correlation matrix is a positive semi-definite matrix that describes the dependency between different data sets. It summarizes the correlation among several variables and indicates the degree of linear dependence between the variables. It is used to explain and apply statistical dependency in a multivariable mode.
2. How is Principal Component Analysis (PCA) used to calculate eigenvalues and eigenvectors of a correlation matrix?,"Principal Component Analysis (PCA) is used to calculate eigenvalues and eigenvectors of a correlation matrix by first transforming the data points into a new coordinate system where the variables are uncorrelated. This transformation is achieved by finding an orthogonal matrix 洧램 whose columns are the eigenvectors of the covariance matrix 풖, and a diagonal matrix 툷 whose diagonal elements are the eigenvalues of 풖. The relationship between the original covariance matrix 풖, the orthogonal matrix 洧램, and the diagonal matrix 툷 is given by the equation 洧램풖洧램洧녢=툷. This process allows for the identification of the principal components that explain most of the variance in the observed variables."
3. What is the significance of eigenvalues and eigenvectors in the context of PCA?,"Eigenvalues and eigenvectors play a crucial role in Principal Component Analysis (PCA). In PCA, the principal components of a dataset are determined by calculating the eigenvalues and eigenvectors of the data covariance matrix. The eigenvalues represent the variance of the principal components, indicating how much of the total variance in the data is accounted for by each principal component. The eigenvectors, on the other hand, represent the directions in the original data space along which the data varies the most. These eigenvectors help in transforming the original data into a new coordinate system where the data is de-correlated, simplifying the representation of the dataset. In summary, eigenvalues and eigenvectors are essential in PCA for dimensionality reduction and identifying the most significant patterns in the data."
4. How does PCA help in dimension reduction of data sets?,"PCA (Principal Component Analysis) helps in dimension reduction of data sets by identifying the principal directions in which the data varies. By calculating the eigenvalues and eigenvectors of the data covariance matrix, PCA finds the axis system defined by the principal directions of variance. The eigenvector with the largest eigenvalue represents the direction of greatest variation, and the one with the second largest eigenvalue represents the next highest variation, and so on. 

Once these principal components are identified, PCA allows for the transformation of the data into a new coordinate system where the data is de-correlated. This means that the covariance between the new variables (principal components) is zero. By representing the data set using a smaller number of principal components, PCA effectively reduces the dimensionality of the data set, making it easier to analyze and visualize while retaining the most important information about the data's variation."
"5. What are some limitations of PCA according to Izenman, A.J. (2008)?","I don't have information on the limitations of PCA according to Izenman, A.J. (2008)."
6. How is the cumulative eigenvalue curve interpreted in the context of PCA?,"The cumulative eigenvalue curve in the context of PCA represents the amount of information maintained in the input vectors if they are projected onto the subspace spanned by the top x eigenvectors. It helps in understanding how much variance in the data is captured by each principal component. For example, if the curve shows that the first eigenvector retains 50% of the original information (variance) of the input data, and the first four eigenvectors retain more than 95% of the original information, it indicates the effectiveness of the principal components in summarizing the data."
7. How are variables reordered based on their correlations in the context of a correlation matrix?,"Variables are reordered based on their correlations in the context of a correlation matrix by examining the strength and direction of correlations between variables. The variables are reordered in a way that groups together variables with strong positive correlations, separates variables with negative correlations, and places uncorrelated variables separately. This reordering helps to identify patterns and relationships between variables, allowing for a clearer understanding of the data and potentially reducing the dimensionality of the dataset."
8. How does the reordering of variables based on correlations help in reducing the dimensionality of the data set?,"Reordering variables based on correlations helps in reducing the dimensionality of the data set by identifying the most important variables that explain the variance in the data. By reordering the variables based on their correlations, you can prioritize the variables that have the strongest relationships with each other. This allows you to focus on the key variables that contribute the most to the variance in the data, potentially leading to a more compact representation of the data set."
9. What are some numerical methods mentioned for calculating eigenvalues and eigenvectors of large matrices?,"Two classes of numerical methods mentioned for calculating eigenvalues and eigenvectors of large matrices are:

1. Partial methods: These involve the computation of extreme eigenvalues, such as the power method.
2. Global methods: These methods approximate the whole spectrum of eigenvalues and eigenvectors. Examples include Principal Component Analysis (PCA), Multi-Dimensional Scaling (MDS), and Factorization."
10. How does the correlation matrix help in summarizing the statistical dependency between variables in multivariate analysis?,"The correlation matrix helps in summarizing the statistical dependency between variables in multivariate analysis by providing a comprehensive overview of the relationships between different data sets. It describes the degree of linear dependence between variables, with values ranging from +1 for a perfect positive linear relationship to -1 for a perfect negative linear relationship. The correlation matrix is symmetric and must be positive semi-definite, ensuring that it accurately captures the dependencies among variables. By calculating the eigenvalues and eigenvectors of the correlation matrix through techniques like Principal Component Analysis (PCA), the correlation matrix aids in dimension reduction and identifying the principal components that explain the variance in the data set."
